machine_id,pval
M1,0.40581311290499433
M2,0.9531785910894204
M3,0.0031119982052994237
M4,0.6187255599871848
M5,0.19821770842031466
M6,0.005295088673159155
M7,0.10517943155978948
M8,0.8728673384861885
M9,0.6210592611560484
M10,0.7226689489062432
M11,0.06955526958101232
M12,0.9714143595538947
M13,0.8408205087604007
M14,0.25172215514436236
M15,0.2227337188467456
M16,0.22423428436076215
